,Rho_StrLen_VarFreq,P_StrLen_VarFreq,Rho_Freq_StrLen,P_Freq_StrLen,Rho_Freq_VarStrLen_NOVAR0,P_Freq_VarStrLen_NOVAR0,Rho_Freq_MeanStrLen_NOVAR0,P_Freq_MeanStrLen_NOVAR0,Rho_VarStrLen_MeanStrLen_NOVAR0,P_VarStrLen_MeanStrLen_NOVAR0,Steiger_t_Freq_VarStrLen_MeanStrLen_NOVAR0,Steiger_p_Freq_VarStrLen_MeanStrLen_NOVAR0,Rho_Freq_VarStrLen_VAR0,P_Freq_VarStrLen_VAR0,Rho_Freq_MeanStrLen_VAR0,P_Freq_MeanStrLen_VAR0,Rho_VarStrLen_MeanStrLen_VAR0,P_VarStrLen_MeanStrLen_VAR0,Steiger_t_Freq_VarStrLen_MeanStrLen_VAR0,Steiger_p_Freq_VarStrLen_MeanStrLen_VAR0
Campa (Axininca) random(geometric length),-0.4529670753295285,4.043587525502018e-06,-0.29639918472677534,0.0,-0.6307746291487786,3.179472822147072e-07,-0.8574663593729688,1.257705827167285e-16,0.6837442809996647,1.2089184155642836e-08,3.8686228760449577,0.00031183601740627305,-0.7649285403264626,8.139834745398428e-21,-0.8831818950797403,1.185039126849696e-34,0.7994946375078795,7.235932159320716e-24,3.9809915930855855,0.0001309827721682908
Kabyle random(geometric length),-0.5644532247912053,1.9588158635478935e-05,-0.39572702705938617,0.0,-0.6871817909955691,5.150102330375718e-12,-0.8840490284408028,1.7424879136460045e-26,0.7905528107959524,1.2274981252550313e-17,5.510722460131188,4.960514252018743e-07,-0.7410379993577877,8.872937951558205e-29,-0.8653011026488606,1.189624660192047e-48,0.8156116197182943,6.650173701936048e-39,5.059873278083306,1.1736890075910396e-06
Ewe random(geometric length),-0.6085978790074675,1.9016847379234773e-05,-0.4084835456142609,0.0,-0.5715031611483092,1.1930978322010223e-09,-0.8328428959457278,7.00544143717729e-26,0.7515684587576049,1.123632278787584e-18,6.441784857521911,5.146952309086259e-09,-0.7075028046596538,4.5544031435197674e-31,-0.8187250401672043,1.2572744830782528e-48,0.7852677067984689,2.953683288747973e-42,4.127908606128186,5.443570401522417e-05
Barasana random(geometric length),-0.5274102971688367,3.816179074238319e-06,-0.34925277218840645,0.0,-0.4027979919628768,0.000132447429819789,-0.8979694539847093,2.499878816439502e-31,0.3898287601364284,0.00022615219078024831,8.189140958415893,2.946875955751135e-12,-0.7069037721748312,3.307616135725406e-27,-0.8477724107588375,2.0444322719526777e-48,0.6589661925545391,1.1558382008703063e-22,4.3079900696800975,2.7961781737763453e-05
Polish random(geometric length),-0.5369148088493393,1.989622419891842e-05,-0.36089711329744484,0.0,-0.6596544014154819,1.640180956248229e-10,-0.7015570216280899,3.352148855720799e-12,0.6908833687235988,9.608314859205402e-12,0.6606654832874631,0.5109648270736259,-0.5870399856933308,7.745043015074473e-13,-0.8210890951392537,1.7094310595387159e-31,0.5748187150330213,2.921416200844308e-12,4.830646147878818,4.028280138860271e-06
Hebrew random(geometric length),-0.5908837533840098,1.925855893836039e-05,-0.40089801499069055,0.0,-0.5385212153543479,3.6633632183771413e-07,-0.8136662355286903,1.3903343044640507e-19,0.513950267132775,1.489159688023682e-06,4.067671740287769,0.00011617472865050962,-0.564829119240578,4.4016772639784666e-13,-0.8189679452108375,7.451875237652128e-35,0.5592863024816064,8.292445660963551e-13,5.397389658003571,2.9216344499011983e-07
Malagasy random(geometric length),-0.5951292656070604,6.654904464035574e-07,-0.36635822935025847,0.0,-0.30307426821631267,0.006281653706577904,-0.7823865541794034,1.03877311382489e-17,0.5192803459426756,8.000335629144326e-07,6.823969571054518,1.7874572904433027e-09,-0.7297059367064892,7.10098227924857e-28,-0.8113003242888217,1.1442269625126986e-38,0.7134474396736808,3.474667190227065e-26,2.427638083437907,0.01632833701114925
French random(geometric length),-0.6085697518420898,3.49947002676336e-06,-0.3812901485769246,0.0,-0.6358497299599698,8.110049134748865e-11,-0.8725913427312473,3.052196918409266e-27,0.6949612565814591,2.2412053254260222e-13,5.432477702672466,5.69244556061244e-07,-0.6810151545461212,3.4226615443841763e-25,-0.8138079457437346,1.231111409689069e-42,0.7403244286881228,1.1848075771823296e-31,4.176732440139892,4.693198857371211e-05
Slovene random(geometric length),-0.5115418476498648,0.00010629481984101472,-0.38595136400520985,0.0,-0.7765140136997344,6.38253847416679e-18,-0.8277583559187182,4.981809119775028e-22,0.9387112164877237,3.2087390376689635e-39,2.330984647771153,0.02227276408405313,-0.6573284831971509,6.482983465937688e-20,-0.8311868201100546,1.4634475848742002e-39,0.7830350568216585,2.5069484703361313e-32,5.690367071542054,6.642217377975343e-08
German random(geometric length),-0.5837191405698957,3.60512694159856e-06,-0.3788706041536383,0.0,-0.44769893741308203,3.5193049217721377e-05,-0.8931043578156754,1.9551445427305005e-28,0.5759348865101405,2.8043150222755835e-08,8.97493065606912,1.4909291635064153e-13,-0.6816335894799135,9.578750749751943e-24,-0.8537900595458746,8.713957826037701e-48,0.7517435304757047,4.231425707754198e-31,5.883416896813455,2.2593523144470823e-08
Dutch random(geometric length),-0.6279034837774119,6.272900607724252e-07,-0.3861890211270208,0.0,-0.5779834568364355,2.445717623723131e-09,-0.8198466415513861,5.0373683240849705e-23,0.7711461835449948,6.051327495193314e-19,5.8254254015067035,9.400113196022418e-08,-0.7288514462253612,4.134595899985863e-29,-0.8467254785746395,2.332793413642062e-47,0.8133401713200658,6.770939152827271e-41,4.648622843548415,6.808291271720296e-06
Chinantec random(geometric length),-0.49467430270360446,0.0001064693724230536,-0.36176904130207516,0.0,-0.5567786006670227,1.2532448442104402e-10,-0.6148050551961595,3.422952371534821e-13,0.4105050780113752,5.725077757427244e-06,0.7577454741165414,0.4502090580363588,-0.541926442066437,9.735651456082071e-17,-0.7204326351672488,1.835468822408001e-33,0.41263871472388247,1.1497676161785147e-09,3.42814458466847,0.0007392155114983608
Afrikaans random(geometric length),-0.5853067803599822,1.933108564380523e-05,-0.402742640706902,0.0,-0.6410863933047692,1.0005134144713445e-11,-0.8940871884732153,1.902018034443737e-32,0.7451258885630704,3.7252840903017807e-17,7.214200895601988,1.8983576770358055e-10,-0.7313752380035328,1.4232728664246238e-31,-0.8310736701247574,1.7590679001641892e-47,0.8032019826988668,3.9773895675349515e-42,3.84340802265646,0.00016868602399920706
Lithuanian random(geometric length),-0.5245576467104303,2.0023861341959442e-05,-0.35004265717139593,0.0,-0.6462080417455274,3.24427882056308e-08,-0.8623101043872956,1.7342902189007863e-18,0.6222369690388144,1.4327640162228336e-07,3.6419894691355377,0.000592222948316153,-0.6875067203655411,4.2358234889945394e-18,-0.8498305000927254,1.2985895974676394e-34,0.6455139019145664,1.7313684002291965e-15,4.036476716327995,9.722964068465722e-05
Spanish random(geometric length),-0.603351981388458,3.522343940097185e-06,-0.3856167444084749,0.0,-0.5269859286839196,6.060167822984073e-07,-0.8997416652163842,1.882614962835182e-29,0.5620181349083039,7.068182663395983e-08,7.398313361325352,1.5479826199163978e-10,-0.6500131824289731,1.1536645825619078e-21,-0.835350445433414,2.9532517262912443e-45,0.6778371840472541,4.433429319099011e-24,5.377252254558895,2.53325592300616e-07
Croatian random(geometric length),-0.5302405257970843,0.00010607249372591905,-0.39070618818282,0.0,-0.6810303156979961,4.9771992368000366e-12,-0.8036967989076258,4.889094478553866e-19,0.7424403973829028,4.848727218487891e-15,2.5241282133889555,0.013684737827817116,-0.6194057111672178,1.6292914727386654e-16,-0.8197034831956855,6.145884676778795e-36,0.6725173813692588,3.661463918761515e-20,5.052165495884625,1.3404835610154601e-06
Czech random(geometric length),-0.5115418476498648,0.00010629481984101472,-0.3631046016625002,0.0,-0.6475029030405316,7.906090268681908e-10,-0.4601970032338541,4.757495818392326e-05,0.4662731505472174,3.658766477572581e-05,-1.9813276200410601,0.051540833451831206,-0.5639086673264675,1.640940579226829e-11,-0.7783665076610067,8.153355402810283e-26,0.42088051985689173,1.5333557822970486e-06,3.518192718981994,0.0006179060523015197
Maori random(geometric length),-0.6556508589031877,3.275048806241014e-06,-0.4459957674710449,0.0,-0.11531234145982867,0.2581966315641161,-0.899658448926557,2.523842388157995e-36,0.10582954210149417,0.2996739681366171,10.776794526106254,3.655784266000647e-18,-0.6523060844612782,3.598719045106004e-28,-0.8337623003058554,2.066654221747157e-58,0.637676374266047,1.2672388169213208e-26,5.724788904385106,3.403612329126577e-08
Cabecar random(geometric length),-0.5853067803599822,1.933108564380523e-05,-0.3976739525638089,0.0,-0.34780440221635806,0.0007299002319389383,-0.8540947839092924,5.318496429484316e-27,0.35250595498378157,0.0006105018439357381,7.346320733502503,9.811665475995219e-11,-0.7292260307948376,8.281916977268596e-32,-0.8235776741621927,1.0838556448701773e-46,0.6249394781519457,2.5192321840734886e-21,2.810188059673788,0.005496191899282722
Cakchiquel random(geometric length),-0.5595732051713176,1.9645254343007748e-05,-0.38453651739967154,0.0,-0.5936443788657407,6.569151913531171e-12,-0.8934956923656947,1.077883561820876e-39,0.6063218028934351,1.7624386774564976e-12,7.426810388126105,2.7315267124524852e-11,-0.7291217277643222,6.358681889324479e-39,-0.8299681222899998,5.821110483540168e-59,0.7632358973651283,1.4514528908693442e-44,4.012505906481266,8.192065621935838e-05
Aguaruna random(geometric length),-0.520610127718113,3.839240641125407e-06,-0.3396531847280959,0.0,-0.4950489524559731,1.1397938063369986e-05,-0.8533102732838661,3.408629779092972e-21,0.5401745787965455,1.1621153742374211e-06,5.619555700559342,3.8772656751503143e-07,-0.7244454031597853,9.950507313372317e-24,-0.8393466077462712,8.067835173651707e-38,0.7383352145462386,5.003681535397782e-25,3.4675220953730967,0.0007050831270549583
Wolaytta random(geometric length),-0.4824206790789041,2.041521998009551e-05,-0.3317837697640448,0.0,-0.5678446273786834,9.9019725852262e-07,-0.7763482436711796,4.8048826211250846e-14,0.6483208198429561,6.952296691674778e-09,3.0454700975438342,0.003428118403622071,-0.7148213134270683,7.812725123389752e-21,-0.8307724019364293,4.345780650333309e-33,0.7196241114197923,3.243650741061626e-21,3.1496100391084383,0.0020562952078314605
Quichua random(geometric length),-0.5016718460790135,3.900930073808079e-06,-0.32568758233117273,0.0,-0.458900052748165,0.00037477393073864627,-0.8089678648695657,4.595170475659175e-14,0.44518797806957106,0.0005859861091376336,3.9526633476707396,0.0002302652390357534,-0.7160893586201201,5.498719520080915e-20,-0.82473709701162,9.660213090701036e-31,0.6613961002974075,2.670197421240585e-16,2.648761188498025,0.009204058475918847
Mam random(geometric length),-0.5327004498315286,1.9940457904969573e-05,-0.37746036992663906,0.0,-0.7228304623877997,4.3461139515308094e-17,-0.7791395123434941,3.49124335510631e-21,0.7505478677341251,5.736696921229567e-19,1.2966225968815999,0.1979017470589508,-0.6434806500196169,2.6300096989783437e-22,-0.7710800277250598,1.547700417718491e-36,0.6897128393500525,1.31394108561763e-26,3.415847952288187,0.0007895421663644174
Norwegian random(geometric length),-0.614856715412465,1.8927113736262775e-05,-0.4145786927028223,0.0,-0.6114253430937938,1.11081566184812e-11,-0.8357417171951933,1.60838386313837e-27,0.7366267947084026,1.6443345364280128e-18,5.479915439325652,3.302190964946643e-07,-0.6228712997056789,1.2842909690651625e-20,-0.8207569431292794,6.666606124129677e-45,0.7416198051626308,1.638734129713564e-32,6.302248350530575,2.284823353002688e-09
Lukpa random(geometric length),-0.6025216315790567,1.910175822356219e-05,-0.4113823147990195,0.0,-0.5757735750316928,1.3135570718338104e-10,-0.8249876533709543,2.8120531013332163e-27,0.7981472345346246,2.1030315675459685e-24,7.160998890466345,1.2742588506455758e-10,-0.7080148499054038,3.953148945433497e-31,-0.8433025648019637,3.2694652336968176e-54,0.8440914221256214,2.0868384678856372e-54,6.221063285504835,3.0015339892878404e-09
Paite random(geometric length),-0.6085697518420898,3.49947002676336e-06,-0.4076793069106493,0.0,-0.2536591024731675,0.017095269946062447,-0.8863946661953148,1.655046770548699e-30,0.3128882177192431,0.0029965661800089604,9.563309547294494,3.9111354645275835e-15,-0.725016772625325,1.7767946785756766e-30,-0.8463576964523173,2.654538541913661e-50,0.702543742668993,6.002805894397376e-28,4.046993609335939,7.758663849574221e-05
Greek random(geometric length),-0.5548156184972378,1.9699851054968363e-05,-0.37908189961893335,0.0,-0.7613209706885645,2.463410397274941e-16,-0.8258655029287373,4.2353186292774395e-21,0.7652452445647518,1.4005426259950184e-16,1.5424713565125046,0.12705907907866876,-0.6756001279919363,6.209670064134215e-21,-0.7851311980355928,5.654567531732449e-32,0.7155411110449289,2.363723698936278e-24,2.8669765054990233,0.004766546739737477
Indonesian random(geometric length),-0.5418392230078435,3.7655880037864373e-06,-0.36238231812964034,0.0,-0.38662443522833423,0.00039641164487619026,-0.7931487253031956,1.7935222933602562e-18,0.5090706796366324,1.421607057639769e-06,5.709306720231867,2.0240123595118782e-07,-0.7117973376185793,1.25662129599178e-24,-0.8382929712822528,4.357265794867774e-41,0.7382731347892055,2.9008365759790186e-27,3.949943387707972,0.00012057664862648525
Cebuano random(geometric length),-0.5932976057640708,3.5653760320538667e-06,-0.38610200938122413,0.0,-0.302822199684159,0.0037184206282736758,-0.7679823902905468,1.027470594275401e-18,0.5500076261059393,1.9647526468607246e-08,7.1599582218230475,2.4353124051180154e-10,-0.729215681264256,3.7946144795736754e-30,-0.8041691916093603,1.0434122704177462e-40,0.7586639901544682,7.814539505199183e-34,2.4577418018520953,0.01497869647280722
Hungarian random(geometric length),-0.49467430270360446,0.0001064693724230536,-0.3624632905064459,0.0,-0.6938392530804203,1.8891292234462616e-12,-0.7564420460902017,1.1593976583854856e-15,0.7952440191402791,3.4682289361490478e-18,1.3221396057215555,0.19013983435863818,-0.6002410412793654,1.1341096980878577e-14,-0.8295215366203152,1.0370178568392471e-35,0.6483663286385332,1.4194475738565412e-17,5.538870179484842,1.568104240348382e-07
Italian random(geometric length),-0.5595732051713176,1.9645254343007748e-05,-0.38306076764529745,0.0,-0.6542699153187216,3.50081008743715e-11,-0.8821702622298301,1.47326379440181e-27,0.6487567747301595,5.777967739180858e-11,4.9889056246373995,3.6001313461519743e-06,-0.6578431346832946,8.050472985895654e-22,-0.7932066550277199,6.044471156540942e-37,0.6968847048632504,2.612038442793975e-25,3.670503513085595,0.0003282303076577083
Esperanto random(geometric length),-0.569460897942707,1.952839148100274e-05,-0.3943213145393504,0.0,-0.6685331094047436,8.140949081879908e-13,-0.8535289776249596,2.3231992817990208e-26,0.7584912177223019,7.389771642386537e-18,4.6664668700160306,1.1168348421799303e-05,-0.6415176176657459,2.149700625503651e-20,-0.8183893189743504,8.078768689478377e-41,0.7285172152515519,2.0723247999899235e-28,5.245844660569252,4.838703417683297e-07
Tagalog random(geometric length),-0.5884511826719374,3.585638069213368e-06,-0.389091686809868,0.0,-0.34653145897664556,0.0009417171079262193,-0.745052667487501,8.560667829232502e-17,0.43909018612019757,1.872311407453571e-05,5.026712762409679,2.7332387485225815e-06,-0.7182980372272865,1.5494533040163524e-29,-0.7667687014421074,1.021558272371569e-35,0.621184217771653,2.2308142859269217e-20,1.2618159683441401,0.20869421573917593
Portuguese random(geometric length),-0.5644532247912053,1.9588158635478935e-05,-0.38458834680983844,0.0,-0.34233228288850853,0.0017588156447003371,-0.8990945238115147,4.507199652126166e-30,0.40664244793084464,0.0001651832893183152,9.252584760843623,3.4946113553522144e-14,-0.641585681990771,1.3891220450742862e-19,-0.8387964420074766,8.998101406703815e-43,0.6430656756470863,1.0785243651605763e-19,5.292023253208202,4.095611022341382e-07
Tachelhit random(geometric length),-0.5381227080797176,3.778838223542552e-06,-0.34561815786173683,0.0,-0.531439085914234,1.2479598398353379e-05,-0.8659576902574959,4.2134891238114933e-19,0.5455282069512348,6.557911335228427e-06,5.036260859709422,5.087954848260702e-06,-0.6789606919181204,3.5826814189510914e-16,-0.8495502021600033,8.999990012293802e-32,0.6583926581275872,5.423836418631127e-15,4.084532200755386,8.55051820139001e-05
Estonian random(geometric length),-0.5456482725663839,1.9802167036438068e-05,-0.3780857991319314,0.0,-0.704550304693028,4.071787144851638e-11,-0.8892564186742763,2.02257793426767e-23,0.7729797719841657,2.865786660825493e-14,4.6659289930301995,1.6504090375273688e-05,-0.7208497095630908,4.392958686020153e-23,-0.8616860376806145,2.6477861054224e-41,0.7729253116375255,2.9708296480024716e-28,4.7357844898821915,5.517177107050311e-06
Wolof random(geometric length),-0.614856715412465,1.8927113736262775e-05,-0.42039986931692663,0.0,-0.7641701207716518,2.99840519120947e-18,-0.8354703692876331,2.4352580055479965e-24,0.8853179263484608,1.1214579182569422e-30,2.514853017200997,0.013768605956463674,-0.6930019644014476,8.48059412398873e-26,-0.8328574477634152,2.824211138093054e-45,0.7900216704861974,9.516286124321945e-38,5.022651050687001,1.2924169283597e-06
Swahili random(geometric length),-0.5130072610111552,2.0137661432365148e-05,-0.3567337043978465,0.0,-0.4856433553017236,2.3387749427301475e-05,-0.788139136620858,9.227052312945127e-16,0.7769505454815271,4.250208526679214e-15,6.274720484823787,3.0843333130646624e-08,-0.7263545698325184,6.669400550577284e-24,-0.8327495886547494,9.827876542751705e-37,0.7581863657900446,4.9363473151592395e-27,3.2713233256772356,0.001358919906512349
Zarma random(geometric length),-0.6788872875964332,5.615519495197371e-07,-0.4196600107739108,0.0,-0.4221114141700218,2.038177152640552e-05,-0.6965706332733067,4.566839339458254e-15,0.6891214441784934,1.161496366066574e-14,4.642454781923732,1.14031919102412e-05,-0.711351373812041,1.314049949945475e-30,-0.7942579393820998,1.5154545723592914e-42,0.7850588141153588,5.772365267196517e-41,2.896803321684808,0.004219627874687393
Serbian random(geometric length),-0.5746017518701797,1.9465764447349508e-05,-0.3895410125866787,0.0,-0.7898762697401247,1.3669237517208594e-17,-0.8496734982752053,1.5362490872049188e-22,0.9315117027959698,1.1211970611761923e-34,2.632109602251284,0.010322637230654418,-0.6750301245849165,1.7323777549655186e-20,-0.8479178121736529,5.721865409421874e-41,0.7887215730288301,8.347278095610771e-32,5.884170985806924,2.7825488840338382e-08
Romani random(geometric length),-0.5746017518701797,1.9465764447349508e-05,-0.3988393023470481,0.0,-0.5630806526872216,6.247966118166153e-09,-0.9036631085270299,1.5469786564574347e-34,0.6143722011618938,9.347540146546904e-11,7.986213449017395,4.944838916362691e-12,-0.7087544168862621,6.282112161066979e-29,-0.8350136483499975,2.567394520461348e-48,0.7530972270849556,2.2282030051584347e-34,4.389439997628584,1.9442211107674905e-05
Finnish random(geometric length),-0.5167731306242291,2.0101125798258993e-05,-0.35905563197981044,0.0,-0.6326392176812397,4.221794255929874e-09,-0.8576006888136444,2.583735849967878e-21,0.5825097932680516,1.2223068884879532e-07,3.8969335564071623,0.00022768005148411001,-0.6395042659460534,8.224813799357258e-18,-0.8003345842642794,3.9387072108123176e-33,0.6480871998878258,2.1458715592924773e-18,3.8151149398008033,0.00020353134034345385
K'iche' random(geometric length),-0.569460897942707,1.952839148100274e-05,-0.3956029877478778,0.0,-0.7214696913956258,6.530223141093787e-20,-0.8682834922771742,1.6764478933802827e-36,0.7917210088450392,3.7236172273997846e-26,4.831343663381239,4.299022843446397e-06,-0.7082959973954759,4.670665116499454e-34,-0.8281298804542886,1.8655733657447986e-55,0.804621820703433,4.1113684992774955e-50,4.970165739749116,1.3776095012725021e-06
Somali random(geometric length),-0.5616311719882711,3.6923715390754433e-06,-0.3647037992427437,0.0,-0.5490087948783526,4.922913680195934e-07,-0.8088411272970172,4.909597506368184e-18,0.8000789265967279,2.049716731913065e-17,6.0398930037211365,6.661075057202233e-08,-0.7625082820927392,7.072261257268216e-28,-0.8182012453342998,5.54500551634781e-35,0.7726075411052191,5.164178581048897e-29,1.7726032269996062,0.0785169724555186
Creole random(geometric length),-0.6085978790074675,1.9016847379234773e-05,-0.4204239951788409,0.0,-0.6746484916606154,5.580563164687684e-15,-0.8932350141135459,7.606103838423406e-37,0.7913333657500597,2.6040468510927013e-23,7.442731107000027,3.513287977781642e-11,-0.6802309439175336,1.3200450065692637e-29,-0.8473969063177955,1.507655922747463e-58,0.7842310090240453,1.4095149034313523e-44,6.779583559347798,1.2590735350543982e-10
Xhosa random(geometric length),-0.4824206790789041,2.041521998009551e-05,-0.32560253488455243,0.0,-0.6124471338081193,3.235847540634733e-07,-0.8266764957938371,1.3173518213352519e-15,0.4907723137281992,9.182927585423433e-05,2.8564473509226764,0.006034659000078346,-0.6872341994490144,5.896916454727037e-17,-0.7948650691967751,1.2931831646464605e-25,0.5858542037212391,1.1567596639146801e-11,2.1738017726178667,0.0318833747760384
Dinka random(geometric length),-0.6213071012561298,1.8832144833689813e-05,-0.42603581355281434,0.0,-0.6148309864727158,2.092042269187603e-11,-0.8995867581801923,6.001005425809972e-36,0.7007336893343608,1.348430763351926e-15,7.880635332625954,5.6788622273557805e-12,-0.6900354726438566,1.7595784046981577e-28,-0.8515841971796592,3.4526637780997065e-55,0.7863051022511973,1.3528365361834495e-41,6.406115442989952,1.1562528554530607e-09
Uspanteco random(geometric length),-0.5790971726347275,3.6238854955905778e-06,-0.36658837403639505,0.0,-0.7129872602191899,6.064795407584062e-17,-0.843713360718737,1.6829148802498387e-28,0.8185711734939437,1.4141258811299339e-25,3.975670635584453,0.0001343296522656701,-0.6998235552479307,1.170655460051012e-27,-0.8271872996355346,3.563449905710344e-46,0.8052199710748296,4.985601628728935e-42,4.7963121863882385,3.429588990708532e-06
Slovak random(geometric length),-0.5644532247912053,1.9588158635478935e-05,-0.3639252741925497,0.0,-0.7276349419682623,2.082099921700419e-13,-0.7203272951229402,4.681145333513877e-13,0.6773321316925286,3.433857698371535e-11,-0.12261930455703055,0.9027549928956243,-0.6362604929556778,6.54918754928505e-17,-0.7928813343094097,7.842160205507966e-31,0.5857441975224087,5.5431165740220974e-14,3.349567075531109,0.001051441328312806
Turkish random(geometric length),-0.5057136907345271,2.020690143497302e-05,-0.33568197348845835,0.0,-0.7212343703839841,2.607277219774931e-11,-0.8327916520283262,2.619870827386989e-17,0.7926391721519417,9.911227677864013e-15,2.436008213208719,0.017836698481320454,-0.6325577970522392,2.601795093679706e-14,-0.8645175918920982,7.483767744445503e-36,0.6764055575126008,7.900660783355134e-17,5.947406422283775,3.104975317620995e-08
Uma random(geometric length),-0.5790971726347275,3.6238854955905778e-06,-0.37592493124922094,0.0,-0.3766348952916428,0.00032368912737763036,-0.8880237179381543,2.015457401171264e-30,0.47685856158487505,3.021297998927556e-06,9.261787605716139,1.7634446076626437e-14,-0.7131392774624581,6.220060120935188e-27,-0.8570837256199794,8.13082120159768e-49,0.751738460487564,2.7859635543884857e-31,5.0486688520447,1.1858429586109703e-06
Achuar random(geometric length),-0.5108806247171069,3.8713922477645966e-06,-0.3469845829307081,0.0,-0.26599284477921314,0.018581029037830966,-0.8428520284478306,3.8061242291038177e-22,0.39181935953564934,0.0003888269325621211,7.951648651634346,1.4747185025663616e-11,-0.6725594145943373,5.849714636791297e-21,-0.8368636186396949,2.6655592986350396e-40,0.6681948697697482,1.2857111809705012e-20,4.487168392824774,1.45299154168659e-05
Zulu random(geometric length),-0.4676112563672305,2.0538127723791998e-05,-0.3193794283589819,0.0,-0.618291001335156,6.295060383792894e-07,-0.7575396554919276,3.348500752168711e-11,0.4142705726872608,0.001844155503477756,1.5115665425938776,0.13681623426239317,-0.6643683259795554,8.218119620601705e-15,-0.769310114766415,5.845029481037517e-22,0.5007062054099736,4.604643515532191e-08,1.8118625515951843,0.0729212855965827
English random(geometric length),-0.5908837533840098,1.925855893836039e-05,-0.3969198872532451,0.0,-0.7731838153514873,4.2972466023327586e-18,-0.875783555967408,5.529331848124453e-28,0.8878093065577984,1.0396361364773038e-29,4.0449135063668615,0.00011772231870240292,-0.6677508143242432,7.408444078555539e-25,-0.8046048629341339,1.3287902019725775e-42,0.8170167254607091,6.601123382223186e-45,5.063982950876429,1.0150135740804975e-06
Vietnamese random(geometric length),-0.5684810741856909,0.0001055051300627965,-0.37382725745937495,0.0,-0.1924109555626038,0.0813884421808645,-0.8337633618055312,1.3424099848598696e-22,0.0573745647973015,0.6064099972677852,6.674748834451463,2.9700396849837967e-09,-0.5538801654385802,1.9936063448868396e-16,-0.7625120515794183,7.90549060063459e-37,0.39634123946494737,1.963135659542461e-08,4.075657169767256,6.818295490116382e-05
Latin random(geometric length),-0.520622236557478,2.006321833251995e-05,-0.3661606305730675,0.0,-0.7830126333316176,1.1601353465178875e-15,-0.860897305479464,1.2330098984169036e-21,0.9134001670739391,3.0142642747375684e-28,3.003772119584753,0.0037472114265173274,-0.6495603157325189,1.6965561202041305e-18,-0.8012610978650815,2.9390546550355364e-33,0.7933923218853648,3.3669513565433065e-32,4.630513778422233,8.246196093987489e-06
Jakalteko random(geometric length),-0.5701672948369044,3.6593679697066e-06,-0.37266148975117913,0.0,-0.6359766254699056,6.865458847846024e-13,-0.851421540763129,8.753194738828465e-30,0.7020652927407807,2.0186690150813578e-16,5.1896691142613145,1.1231806225874765e-06,-0.6652723702992474,3.0760003707052497e-24,-0.8223669370629485,3.237785144175667e-45,0.7426632572512131,1.2061429072279773e-32,5.076470882903006,9.721740423680806e-07
Aukan random(geometric length),-0.6853130663175554,5.52690239149332e-07,-0.4352939626344423,0.0,-0.3343573112922411,0.00018968216720892115,-0.8647602815850888,4.254806719306341e-37,0.29177702312425513,0.0012229941848448133,8.610247857890887,3.956216310749398e-14,-0.6917851820723856,4.495828358880418e-37,-0.812301942728004,3.0778388580876655e-60,0.6635831005042896,3.130860365548904e-33,4.105906463689156,5.470946517879358e-05
Camsa random(geometric length),-0.46205558690930204,2.05824318308653e-05,-0.3270019646587917,0.0,-0.33605363840868346,0.0028076878940811105,-0.8518798541578888,9.20421126861197e-23,0.3687288015368735,0.0009677032687615035,6.940509013777873,1.2687079551728646e-09,-0.6637534838856719,2.107303386289972e-20,-0.8283678605895777,4.462112251491559e-39,0.606320595412471,1.9983453663279358e-16,4.113058119549259,6.473942349854016e-05
Albanian random(geometric length),-0.5798816428410006,1.9400071254541527e-05,-0.3970722897579133,0.0,-0.7569646408822199,2.2213287574100396e-17,-0.7971417504037257,2.5529138377036904e-20,0.8852456850316092,5.3807589175523144e-30,1.2910248151381727,0.20023683004675402,-0.6229654967236298,5.603996169686708e-20,-0.7883365200156033,6.512041505654079e-38,0.7382904302671541,4.6617083817699175e-31,4.806073013606453,3.366821496735477e-06
Latvian random(geometric length),-0.5412294272573258,1.9850165110075292e-05,-0.3654897929854759,0.0,-0.712378315157296,1.975842321607275e-11,-0.7913439942434374,2.6209535690962288e-15,0.7254636122292407,5.5844699648717254e-12,1.4392974919928556,0.15501658425261625,-0.634144148452392,1.2106148608101652e-15,-0.8387543495573555,8.47782883606678e-35,0.6320668288256558,1.5978464585570491e-15,4.8443077093969755,3.714000924938011e-06
Nahuatl random(geometric length),-0.5274102971688367,3.816179074238319e-06,-0.33536708279128996,0.0,-0.682051414395532,4.496857365161958e-12,-0.853931611164364,1.5165818394043853e-23,0.6247340023967113,7.595510966455671e-10,3.39528880963232,0.0010926627191700264,-0.6855111009698553,3.782569739512167e-22,-0.8040489832155857,3.0939732008148947e-35,0.686977930294496,2.8483494488581056e-22,3.134414037819435,0.002079437751464863
Amuzgo random(geometric length),-0.4953289676326951,2.0302127753609408e-05,-0.35275001671668016,0.0,-0.60380243758851,1.2016775684687589e-09,-0.8743980845581276,1.7644270436402152e-27,0.7175415209668464,1.597544812696291e-14,6.524110570770996,5.499755844333405e-09,-0.7257001474570748,6.131979739993456e-28,-0.8601596544423868,6.089055766121155e-49,0.819927023136156,7.598727226623565e-41,5.511819558929683,1.3945954698704426e-07
Danish random(geometric length),-0.5798816428410006,1.9400071254541527e-05,-0.4045444666462428,0.0,-0.7151438196398847,5.633368180915534e-16,-0.8328446208509269,2.30993903697217e-25,0.8666187934604702,1.5937930808991153e-29,3.910815552166182,0.00017699997390232427,-0.7055414635880823,9.180590727329656e-27,-0.8469972696632259,1.0798338054681965e-47,0.8244832888985623,3.787221495438807e-43,5.737354606972407,4.4548056381387974e-08
Shuar random(geometric length),-0.5108806247171069,3.8713922477645966e-06,-0.3350003657119117,0.0,-0.3356653468234448,0.008743969001641037,-0.8554235446858507,3.2451583894260153e-18,0.5952725493458655,5.262939164789752e-07,8.91797427613016,2.102448030721386e-12,-0.7204724934384253,3.011817071742604e-22,-0.8604182291841985,1.3844358405102656e-39,0.8361944939671906,1.85790871881279e-35,5.381978594650192,3.3938066752855464e-07
Q'eqchi' random(geometric length),-0.5982629455650744,3.5442946221355577e-06,-0.3816888543900116,0.0,-0.5533000968293823,1.6303485812049508e-09,-0.8083042490243342,9.666025964844544e-25,0.5076303342931048,5.1653507279083624e-08,4.287502484421805,4.201996091552438e-05,-0.6469901660908108,2.847845163854508e-24,-0.7738097593851962,9.853757206991587e-40,0.6147151646057734,1.9225824189984157e-21,3.2433044786301815,0.0013957714737445471
Swedish random(geometric length),-0.5595732051713176,1.9645254343007748e-05,-0.3925017059936086,0.0,-0.749192906609986,3.8097609152793795e-18,-0.7724045339892974,7.786950669658592e-20,0.9707675024499846,8.213518733215182e-59,1.4416264587250847,0.1528403551252369,-0.6103712522692326,1.2525377232838965e-18,-0.7998221324522917,7.33523725967244e-39,0.7612585304031189,3.0885914055636046e-33,5.821211299490139,2.942344526482002e-08
Romanian random(geometric length),-0.569460897942707,1.952839148100274e-05,-0.39136767243573795,0.0,-0.7028162873271082,2.301213178583101e-14,-0.8583843882406506,1.1711384040625112e-26,0.7732289234356847,1.0690962696103788e-18,4.113830945569728,8.95812592590595e-05,-0.6572866356319087,5.05295552638102e-22,-0.8214437389334021,4.290049245735079e-42,0.732924851657425,2.0982513866703218e-29,5.009040654131937,1.4029001073594353e-06
Galela random(geometric length),-0.6279034837774119,6.272900607724252e-07,-0.3867306704231913,0.0,-0.22481644709665555,0.019907265910663982,-0.8509344402278209,3.973931749357795e-31,0.365153414737984,0.0001100763469833768,10.18911476422074,2.5425759397879737e-17,-0.698920643351205,1.50262775039435e-32,-0.8281928232824158,5.759731947520209e-55,0.6874708993825734,3.838451471509165e-31,4.333437884216148,2.2755776088015242e-05
Icelandic random(geometric length),-0.6279585844668963,1.873148087927052e-05,-0.42463010222996317,0.0,-0.6749923475995852,1.601881189184673e-13,-0.7421635869373713,2.563516874118692e-17,0.8559355008603984,1.6212811927495794e-27,1.7676770303627654,0.0805422161752311,-0.5557540481802538,2.5043245655316134e-15,-0.7898589080399034,6.1666540938993e-38,0.6585221252127227,9.470979524634415e-23,5.8998680679511635,1.9351257278666648e-08
Akawaio random(geometric length),-0.5982629455650744,3.5442946221355577e-06,-0.39838563619784273,0.0,-0.602431220978149,1.3304708133636202e-10,-0.8753518429829594,8.682433182680162e-31,0.6166797324423778,3.648531505142276e-11,5.926692185326618,5.4609795329145166e-08,-0.6073978864752195,3.877529850203348e-20,-0.8082240984737918,3.502972075495252e-44,0.6777986708049362,2.28514886137955e-26,5.675760967585003,5.3291376329151165e-08
Basque random(geometric length),-0.5495058113433912,3.737763355803279e-06,-0.3439839853873292,0.0,-0.5131422217454228,2.00196913178985e-05,-0.9035740859378101,9.25627713151145e-24,0.47677842806099807,8.943432926856434e-05,6.253680250991271,4.886671253659223e-08,-0.7259594072174407,2.1776454275981848e-22,-0.8352997024029789,8.538504222878936e-35,0.6828446235595608,4.962043469962504e-19,2.9394495036339574,0.003912295302475337
